area,rooms,distance_to_center,building_age,price
98.5,4,6.32,55.0,13.347
66.7,4,21.39,19.3,11.056
106.6,5,9.03,36.5,16.178
91.2,4,21.41,27.9,15.989
33.9,2,7.82,24.0,5.869
117.7,5,14.96,31.9,19.38
97.3,4,10.23,11.2,15.066
99.7,3,7.23,59.3,15.683
37.2,1,22.22,49.1,3.419
67.8,2,5.1,44.5,10.105
60.2,3,2.58,28.1,10.395
113.0,3,8.88,9.2,14.226
86.2,4,18.08,55.2,13.104
103.2,4,20.28,20.5,15.596
67.1,3,24.97,3.0,10.044
46.6,2,7.76,20.5,9.683
77.7,4,10.49,47.7,14.45
31.1,2,3.85,37.4,5.897
103.6,3,14.58,45.1,14.632
85.0,3,24.94,47.6,9.203
97.0,3,17.67,12.7,13.307
58.7,2,15.08,55.4,6.897
117.2,5,10.11,26.3,21.528
109.8,4,22.92,38.3,15.138
98.9,3,12.67,0.1,13.841
43.5,1,3.79,59.6,7.976
69.3,2,9.45,16.9,6.868
29.2,1,2.15,3.7,4.417
39.7,1,5.45,27.5,7.409
89.9,3,0.93,7.7,14.655
95.8,4,11.61,9.1,15.074
116.9,5,16.05,37.9,13.331
56.0,1,8.91,23.6,8.059
60.2,2,10.8,55.3,11.303
69.6,3,24.0,19.1,10.551
43.0,2,18.92,43.6,5.881
37.3,2,13.75,27.7,5.498
70.2,1,7.47,39.6,8.976
46.6,1,22.48,36.0,2.63
88.6,4,6.26,28.4,14.532
66.5,1,8.47,57.0,10.067
104.1,5,22.77,20.6,11.115
91.5,4,13.47,10.6,12.496
54.7,3,18.69,40.7,6.219
104.1,3,14.97,50.8,11.561
101.5,4,16.51,2.4,14.859
61.8,3,7.83,27.0,7.084
52.4,2,6.41,53.5,8.886
89.8,3,8.4,45.0,14.446
38.3,2,4.31,59.5,6.353
44.0,1,21.92,31.9,2.172
25.7,1,7.44,39.6,3.69
99.8,3,14.26,18.1,16.53
88.2,3,19.9,56.9,5.796
92.0,4,19.7,22.0,12.222
99.2,3,11.24,44.3,11.189
68.6,2,12.17,24.2,11.068
79.0,4,24.87,33.7,9.401
38.3,1,17.03,43.2,5.151
35.9,1,20.46,30.5,4.835
88.5,3,22.61,54.4,14.502
69.8,3,19.8,25.2,9.318
78.7,3,5.04,38.8,12.861
97.7,4,14.27,20.5,11.119
85.3,4,3.0,24.5,16.353
77.6,3,16.5,26.4,9.59
78.1,3,23.91,7.5,9.445
53.9,4,13.06,5.5,9.6
27.9,1,11.11,40.0,2.975
66.5,1,1.38,39.3,10.277
45.4,3,24.01,39.8,7.201
63.8,2,3.02,1.2,11.193
106.1,4,1.51,19.6,13.175
47.2,3,6.53,11.9,8.735
30.5,1,2.11,46.7,6.236
51.7,1,11.65,51.6,4.366
52.9,1,13.14,14.8,5.989
87.9,3,8.16,40.1,14.55
77.9,3,1.75,7.8,13.534
99.5,4,3.23,16.5,16.736
88.1,3,9.92,8.3,16.842
63.6,1,1.98,17.0,10.621
102.3,2,17.61,40.5,14.169
40.9,1,5.57,54.6,9.14
27.2,1,7.9,12.2,4.927
33.6,2,10.16,32.5,5.093
93.6,4,10.71,42.1,14.695
68.9,3,0.54,57.2,11.975
40.3,2,3.25,36.6,6.822
72.6,3,21.64,15.3,8.216
39.5,2,0.53,37.5,10.049
91.2,3,12.95,19.2,13.683
67.4,2,12.49,58.6,7.851
61.2,2,8.66,24.0,10.696
53.6,2,11.07,41.1,7.757
84.9,3,19.62,1.4,11.356
59.4,2,21.11,24.0,8.46
33.3,1,6.88,52.5,3.985
36.2,1,8.4,36.6,6.0
116.4,5,6.44,26.6,22.558
111.3,3,12.26,56.2,15.867
91.5,2,17.24,51.2,10.577
50.3,1,6.09,19.3,7.214
117.1,3,8.6,32.7,15.284
99.0,3,23.29,29.4,11.967
93.1,4,1.69,37.9,14.156
67.7,2,11.79,20.0,11.246
50.9,2,17.93,14.7,5.04
34.2,2,4.19,54.8,7.072
110.7,5,1.66,55.4,16.399
68.3,2,3.89,50.6,10.873
44.2,3,23.01,58.7,4.426
54.1,2,0.73,44.7,10.884
80.0,2,5.11,45.9,13.794
41.8,1,1.27,45.8,8.038
106.4,3,3.21,28.8,12.349
97.1,3,15.69,27.4,14.974
93.3,3,6.42,14.4,14.977
66.0,3,14.45,38.7,7.145
84.6,4,14.96,17.4,12.675
80.5,2,21.31,15.5,10.876
86.7,3,0.62,35.2,14.781
33.0,1,21.41,24.6,4.103
64.5,3,15.67,13.1,10.191
29.0,1,4.49,49.0,6.344
71.9,1,19.44,51.6,10.176
56.3,3,21.46,10.1,4.262
38.7,1,6.73,0.5,6.456
34.8,1,23.01,20.2,3.87
80.8,2,11.63,47.9,7.675
41.2,1,15.28,50.4,5.251
112.9,4,24.62,8.3,17.952
80.2,3,9.36,46.5,9.765
58.0,2,20.42,6.9,8.358
81.1,3,8.3,23.4,10.705
27.2,2,20.08,59.9,2.872
116.1,4,15.22,11.6,20.017
70.8,1,5.8,9.2,9.55
99.4,4,10.64,25.4,15.781
32.9,1,8.28,37.2,3.504
71.2,3,2.41,56.0,14.384
71.6,3,1.23,58.8,12.467
114.1,4,8.99,4.2,16.628
79.3,3,0.97,8.3,14.329
70.0,4,4.55,47.4,9.478
50.4,3,18.27,16.2,9.243
56.5,2,17.85,53.1,6.757
74.5,3,18.6,39.8,9.72
66.7,3,8.27,6.7,10.245
27.1,1,22.31,50.0,2.199
103.5,4,15.05,10.6,16.543
110.1,4,3.59,25.4,17.475
38.3,2,4.02,33.1,7.806
77.6,2,17.48,30.0,10.074
35.3,1,4.74,41.2,6.408
88.9,2,12.93,39.2,10.946
51.7,1,24.8,59.5,7.906
87.6,3,0.6,60.0,10.356
94.1,3,0.91,31.0,17.177
98.0,5,24.83,5.7,16.832
35.2,2,14.82,43.7,4.448
112.0,3,3.61,58.6,21.12
46.9,2,22.48,19.1,7.337
28.6,1,22.07,27.7,4.126
77.7,3,13.64,25.5,11.341
60.2,2,15.73,3.1,8.472
103.8,4,7.19,40.3,14.987
101.8,3,1.74,21.2,16.417
55.1,3,15.07,47.2,10.012
115.5,3,7.72,49.9,16.351
52.6,2,16.76,49.3,5.773
73.9,4,20.99,25.0,12.019
49.3,2,0.94,19.3,10.151
113.9,5,15.09,44.9,17.803
40.6,2,6.17,48.1,7.674
29.3,1,21.91,29.5,3.118
66.3,2,6.71,53.6,8.224
119.3,4,15.46,8.6,14.638
109.7,3,14.06,52.7,10.628
96.1,4,10.21,5.8,15.318
109.6,3,17.1,9.2,14.645
109.9,4,18.28,32.0,13.941
74.3,3,14.39,4.1,6.207
55.0,2,19.08,3.2,6.108
98.3,3,24.59,0.0,15.184
87.9,3,10.77,26.2,11.506
60.5,2,13.11,46.5,8.867
34.0,2,0.81,2.1,6.236
95.9,2,20.0,39.1,14.717
49.9,2,13.25,49.4,6.884
114.0,3,10.5,10.1,16.815
47.9,1,2.8,8.8,10.981
36.7,2,22.3,51.6,5.942
104.0,4,10.18,49.4,14.264
39.6,1,17.22,32.3,4.421
42.0,1,4.16,49.2,6.239
81.9,1,24.06,5.6,10.517
108.1,3,4.87,23.7,15.627
43.7,3,5.39,44.3,7.579
54.5,2,21.55,15.4,9.154
98.9,3,22.86,45.1,12.019
117.3,5,5.7,30.3,23.675
72.6,1,12.01,45.0,9.394
38.7,1,18.47,27.9,6.746
26.3,1,22.02,22.1,3.432
46.8,2,9.79,13.2,8.921
37.5,2,13.17,12.5,5.567
89.4,3,18.67,45.1,10.004
36.6,2,18.41,7.1,6.132
73.1,2,19.68,5.2,11.399
91.0,4,14.46,10.6,13.714
80.2,4,3.06,10.5,11.459
44.0,1,22.65,49.4,3.048
101.4,3,21.71,23.9,9.971
93.0,4,20.05,59.4,8.738
95.2,3,2.95,8.2,15.123
37.5,2,5.51,39.2,7.892
36.8,1,18.72,26.9,4.633
113.1,5,1.07,23.6,12.813
62.8,2,24.49,52.5,6.852
53.6,2,9.74,58.5,7.526
71.4,4,18.12,52.4,13.623
88.0,3,22.25,11.5,8.872
115.8,3,10.17,13.2,15.356
52.2,2,8.32,39.4,10.298
112.9,4,15.41,17.3,16.988
27.4,1,14.73,44.1,4.21
77.7,3,10.52,34.0,11.716
85.2,3,15.24,33.1,12.449
35.1,2,23.42,49.7,4.89
38.3,1,11.96,42.6,4.514
64.8,2,5.32,1.6,11.918
116.8,3,9.74,3.0,13.292
81.6,2,10.16,36.1,11.916
113.6,4,3.71,29.2,17.626
101.4,3,4.49,15.6,13.952
69.4,2,17.27,25.1,9.22
99.6,3,8.82,45.5,12.688
26.7,1,23.9,49.6,1.57
35.4,1,6.47,33.7,5.486
103.8,4,2.92,23.1,13.82
100.7,4,18.96,16.2,14.811
47.1,2,22.09,31.3,4.625
75.4,3,7.31,18.9,13.122
82.6,3,5.45,33.8,10.513
107.4,5,5.05,40.6,15.475
82.3,3,13.29,4.0,11.104
64.2,2,11.98,0.1,11.739
60.5,2,6.86,12.7,10.187
65.5,2,1.61,53.7,9.845
86.9,2,12.3,38.8,12.579
107.4,3,24.0,10.3,8.925
68.1,2,16.49,53.4,8.626
48.5,2,12.64,28.2,9.803
47.5,2,3.21,28.6,8.52
95.9,3,6.68,56.1,13.804
102.6,4,7.72,3.6,17.109
35.0,2,19.24,12.9,6.162
31.3,1,21.98,35.1,1.657
81.5,2,22.59,11.7,7.191
38.9,2,24.62,40.8,4.804
103.3,4,24.57,12.8,12.225
54.5,1,23.85,5.9,8.192
38.7,1,2.26,12.4,6.772
112.5,4,3.88,25.4,12.521
40.7,1,7.96,10.6,5.315
52.0,2,14.05,8.1,4.416
39.6,1,2.88,51.6,6.18
36.0,2,21.22,19.2,4.856
27.0,2,15.61,21.6,4.288
30.3,1,13.79,3.3,5.881
41.6,2,4.55,21.4,8.968
30.1,1,6.7,15.9,5.366
81.2,2,4.43,36.6,8.077
89.7,3,21.37,12.3,13.188
62.4,1,14.81,53.3,8.406
55.2,2,18.51,55.8,7.339
72.9,4,7.75,6.0,14.081
108.1,3,9.6,6.4,12.942
105.9,3,10.42,6.9,19.779
29.1,1,19.12,37.2,2.698
42.2,3,19.42,7.3,7.677
47.5,1,5.57,51.1,4.99
48.7,2,23.57,45.3,4.616
79.3,4,3.46,49.2,15.61
64.5,1,22.45,31.6,6.915
29.7,1,2.96,59.8,5.874
60.5,2,6.98,2.7,10.212
74.8,2,21.24,24.1,9.237
34.7,2,4.9,19.4,8.176
104.2,4,10.63,56.9,14.253
29.9,1,11.52,34.6,3.004
112.9,4,6.51,48.4,14.514
34.4,1,17.9,10.2,5.31
105.1,5,21.36,58.7,15.108
110.8,4,21.93,29.9,10.994
118.1,4,8.81,29.6,15.293
101.2,4,13.51,58.3,12.805
99.1,4,6.59,22.8,14.51
86.0,3,6.5,23.9,10.523
99.0,2,4.45,35.1,12.68
37.8,2,23.53,7.7,4.432
75.9,2,22.26,19.3,10.839
73.9,3,19.55,11.6,11.748
106.5,3,13.18,6.2,14.67
69.0,3,12.52,52.0,9.319
61.6,2,13.48,35.4,8.832
85.8,2,13.65,21.5,10.091
50.3,2,11.15,24.5,6.367
38.3,2,3.73,25.9,6.312
70.4,2,3.58,38.0,9.756
64.6,3,23.83,55.6,6.259
47.1,1,12.31,56.0,6.275
59.9,2,23.85,23.5,8.447
59.8,2,4.51,19.8,7.517
56.1,2,14.08,27.1,8.11
61.0,3,5.59,34.1,9.868
90.1,3,6.7,27.7,14.187
53.2,2,1.24,39.5,9.042
115.1,5,3.41,33.3,14.461
